<?xml version="1.0"?>
<doc>
    <assembly>
        <name>LeanCloud.Analytics</name>
    </assembly>
    <members>
        <member name="T:LeanCloud.AVAnalytics">
             <summary>
             Provides an interface to LeanCloud's logging and analytics backend.
            
             Methods will return immediately and cache requests (along with timestamps)
             to be handled in the background.
             </summary>
        </member>
        <member name="P:LeanCloud.AVAnalytics.Current">
            <summary>
            本次对话的统计数据
            </summary>
        </member>
        <member name="P:LeanCloud.AVAnalytics.SessionId">
            <summary>
            本地对话的 Id，由本地生成，云端只做统计标识
            </summary>
        </member>
        <member name="P:LeanCloud.AVAnalytics.Enable">
            <summary>
            云端是否打开了统计功能
            </summary>
        </member>
        <member name="P:LeanCloud.AVAnalytics.Policy">
            <summary>
            统计数据发送的策略
            1. 启动发送
            6. 按照默认 30 次，批量发送
            7. 按照最小时间间隔发送
            </summary>
        </member>
        <member name="P:LeanCloud.AVAnalytics.CloudParameters">
            <summary>
            自定义云端参数
            </summary>
        </member>
        <member name="M:LeanCloud.AVAnalytics.InitAsync(LeanCloud.IAVAnalyticsDevice)">
            <summary>
            开启统计功能
            </summary>
            <param name="device">客户端参数，例如硬件，网络，版本，渠道等信息</param>
            <returns></returns>
        </member>
        <member name="M:LeanCloud.AVAnalytics.TrackAppOpened">
            <summary>
            记录本地应用打开来自于用户主动打开
            </summary>
        </member>
        <member name="M:LeanCloud.AVAnalytics.TrackAppOpenedWithPush(System.Collections.Generic.IDictionary{System.String,System.Object})">
            <summary>
            记录本次应用打开来自于推送
            </summary>
            <param name="pushHash"></param>
        </member>
        <member name="M:LeanCloud.AVAnalytics.TrackEvent(System.String)">
            <summary>
            记录一个自定义事件被触发
            </summary>
            <param name="name">事件名称</param>
            <returns>事件 Id</returns>
        </member>
        <member name="M:LeanCloud.AVAnalytics.TrackEvent(System.String,System.String,System.Collections.Generic.IDictionary{System.String,System.Object})">
            <summary>
            记录一个自定义事件
            </summary>
            <param name="name">事件名称</param>
            <param name="tag">事件标签</param>
            <param name="attributes">自定义参数字典</param>
            <returns>事件 Id</returns>
        </member>
        <member name="M:LeanCloud.AVAnalytics.BeginEvent(System.String,System.String,System.Collections.Generic.IDictionary{System.String,System.Object})">
            <summary>
            开始记录一个持久化的自定义事件
            </summary>
            <param name="name">事件名称</param>
            <param name="tag">事件标签</param>
            <param name="attributes">自定义参数字典</param>
            <returns>事件 Id</returns>
        </member>
        <member name="M:LeanCloud.AVAnalytics.EndEvent(System.String,System.Collections.Generic.IDictionary{System.String,System.Object})">
            <summary>
            结束记录一个持久化的自定义事件
            </summary>
            <param name="eventId">事件 Id</param>
            <param name="attributes">自定义参数字典</param>
            <remarks>End 传入的 attributes 会合并 Begin 传入的 attributes 的键值对，如果有 key 重复，以 End 传入的为准</remarks>
        </member>
        <member name="M:LeanCloud.AVAnalytics.TrackPage(System.String,System.Int64)">
            <summary>
            记录一个页面的访问时长
            </summary>
            <param name="name">页面名称</param>
            <param name="duration">访问时长，毫秒</param>
            <returns>页面 Id</returns>
        </member>
        <member name="M:LeanCloud.AVAnalytics.BeginPage(System.String)">
            <summary>
            开始记录一个页面的访问
            </summary>
            <param name="name">页面名称</param>
            <returns>页面 Id</returns>
        </member>
        <member name="M:LeanCloud.AVAnalytics.EndPage(System.String)">
            <summary>
            结束记录一个页面的访问
            </summary>
            <param name="pageId">页面 Id</param>
        </member>
        <member name="M:LeanCloud.AVAnalytics.SendAsync">
            <summary>
            将当前统计的数据发送给云端
            </summary>
            <returns></returns>
        </member>
        <member name="M:LeanCloud.AVAnalytics.CloseSession">
            <summary>
            关闭当前收集
            </summary>
        </member>
        <member name="T:LeanCloud.IAVAnalyticsDevice">
            <summary>
            客户端统计参数，包含一些硬件，网络，操作系统的参数
            </summary>
        </member>
        <member name="P:LeanCloud.IAVAnalyticsDevice.network_access">
            <summary>
            网络接入环境，例如 4G 或者 WIFI 等
            </summary>
        </member>
        <member name="P:LeanCloud.IAVAnalyticsDevice.app_version">
            <summary>
            应用版本 (必填)
            </summary>
        </member>
        <member name="P:LeanCloud.IAVAnalyticsDevice.network_carrier">
            <summary>
            网络运营商，例如中国移动，中国联通
            </summary>
        </member>
        <member name="P:LeanCloud.IAVAnalyticsDevice.channel">
            <summary>
            分发渠道 (必填，例如 91，豌豆荚，App Store)
            </summary>
        </member>
        <member name="P:LeanCloud.IAVAnalyticsDevice.device_id">
            <summary>
            设备 Id (必填)，只要保证一个设备唯一即可，可以自己生成
            </summary>
        </member>
        <member name="P:LeanCloud.IAVAnalyticsDevice.device_model">
            <summary>
            设备型号，例如 iPhone6,2(必填)
            </summary>
        </member>
        <member name="P:LeanCloud.IAVAnalyticsDevice.device_brand">
            <summary>
            设备生产厂商，例如华为，小米
            </summary>
        </member>
        <member name="P:LeanCloud.IAVAnalyticsDevice.language">
            <summary>
            语言，例如,zh-CN
            </summary>
        </member>
        <member name="P:LeanCloud.IAVAnalyticsDevice.mc">
            <summary>
            设备的网络 MAC 地址
            </summary>
        </member>
        <member name="P:LeanCloud.IAVAnalyticsDevice.platform">
            <summary>
            运行平台，例如 iOS, Android,Windows,UWP ...(必填)
            </summary>
        </member>
        <member name="P:LeanCloud.IAVAnalyticsDevice.os_version">
            <summary>
            操作系统版本(必填)
            </summary>
        </member>
        <member name="P:LeanCloud.IAVAnalyticsDevice.device_resolution">
            <summary>
            设备分辨率,例如"640 x 1136"
            </summary>
        </member>
        <member name="P:LeanCloud.IAVAnalyticsDevice.timezone">
            <summary>
            时区
            </summary>
        </member>
    </members>
</doc>
